SET SQL_MODE="NO_AUTO_VALUE_ON_ZERO";

-- Create players and roles
UPDATE `user` SET `shutdown_date` = timestampadd(hour, 72, current_timestamp), `max_game_id` = NULL;
INSERT INTO `user` (`user_id`, `username`, `email`, `org_id`, `country_code`, `created`, `shutdown_date`) 
VALUES
	(1, 'schmittse', 'sebastien.schmitt@cgi.com', 1, 'FR', current_timestamp(), timestampadd(hour, 72, current_timestamp)),
	(2, 'bellangerf', 'francis.bellanger@cgi.com', 1, 'FR', current_timestamp(), timestampadd(hour, 72, current_timestamp)),
	(3, 'test1', 'test1@cgi.com', 1, 'FR', current_timestamp(), timestampadd(hour, 72, current_timestamp)),
	(4, 'test2', 'test2@cgi.com', 1, 'FR', current_timestamp(), timestampadd(hour, 72, current_timestamp)),
	(5, 'test3', 'test3@cgi.com', 1, 'FR', current_timestamp(), timestampadd(hour, 72, current_timestamp)),
	(6, 'test4', 'test4@cgi.com', 1, 'FR', current_timestamp(), timestampadd(hour, 72, current_timestamp)),
	(7, 'test5', 'test5@cgi.com', 1, 'FR', current_timestamp(), timestampadd(hour, 72, current_timestamp)),
	(8, 'test6', 'test6@cgi.com', 1, 'FR', current_timestamp(), timestampadd(hour, 72, current_timestamp)),
	(9, 'test7', 'test7@cgi.com', 1, 'FR', current_timestamp(), timestampadd(hour, 72, current_timestamp)),
	(10, 'test8', 'test8@cgi.com', 1, 'FR', current_timestamp(), timestampadd(hour, 72, current_timestamp)),
	(11, 'test9', 'test9@cgi.com', 1, 'FR', current_timestamp(), timestampadd(hour, 72, current_timestamp)),
	(12, 'test10', 'test10@cgi.com', 1, 'FR', current_timestamp(), timestampadd(hour, 72, current_timestamp)),
	(13, 'test11', 'test11@cgi.com', 1, 'FR', current_timestamp(), timestampadd(hour, 72, current_timestamp)),
	(14, 'test12', 'test12@cgi.com', 1, 'FR', current_timestamp(), timestampadd(hour, 72, current_timestamp)),
	(15, 'test13', 'test13@cgi.com', 1, 'FR', current_timestamp(), timestampadd(hour, 72, current_timestamp)),
	(16, 'test14', 'test14@cgi.com', 1, 'FR', current_timestamp(), timestampadd(hour, 72, current_timestamp)),
	(17, 'test15', 'test15@cgi.com', 1, 'FR', current_timestamp(), timestampadd(hour, 72, current_timestamp)),
	(18, 'test16', 'test16@cgi.com', 1, 'FR', current_timestamp(), timestampadd(hour, 72, current_timestamp)),
	(19, 'test17', 'test17@cgi.com', 1, 'FR', current_timestamp(), timestampadd(hour, 72, current_timestamp)),
	(20, 'test18', 'test18@cgi.com', 1, 'FR', current_timestamp(), timestampadd(hour, 72, current_timestamp)),
	(21, 'test19', 'test19@cgi.com', 1, 'FR', current_timestamp(), timestampadd(hour, 72, current_timestamp)),
	(22, 'test20', 'test20@cgi.com', 1, 'FR', current_timestamp(), timestampadd(hour, 72, current_timestamp)),
	(23, 'test21', 'test21@cgi.com', 1, 'FR', current_timestamp(), timestampadd(hour, 72, current_timestamp)),
	(24, 'test22', 'test22@cgi.com', 1, 'FR', current_timestamp(), timestampadd(hour, 72, current_timestamp)),
	(25, 'test23', 'test23@cgi.com', 1, 'FR', current_timestamp(), timestampadd(hour, 72, current_timestamp)),
	(26, 'test24', 'test24@cgi.com', 1, 'FR', current_timestamp(), timestampadd(hour, 72, current_timestamp)),
	(27, 'test25', 'test25@cgi.com', 1, 'FR', current_timestamp(), timestampadd(hour, 72, current_timestamp)),
	(28, 'test26', 'test26@cgi.com', 1, 'FR', current_timestamp(), timestampadd(hour, 72, current_timestamp))
;
INSERT INTO `user_roles` (`user_id`, `role_name`) VALUES
	(1, 'ADMIN'),
	(2, 'ADMIN'),
	(3, 'USER'),
	(4, 'USER'),
	(5, 'USER'),
	(6, 'USER'),
	(7, 'USER'),
	(8, 'USER'),
	(9, 'USER'),
	(10, 'USER'),
	(11, 'USER'),
	(12, 'USER'),
	(13, 'USER'),
	(14, 'USER'),
	(15, 'USER'),
	(16, 'USER'),
	(17, 'USER'),
	(18, 'USER'),
	(19, 'USER'),
	(20, 'USER'),
	(21, 'USER'),
	(22, 'USER'),
	(23, 'USER'),
	(24, 'USER'),
	(25, 'USER'),
	(26, 'USER'),
	(27, 'USER'),
	(28, 'USER')
;

INSERT INTO `map` (`map_id`, `filename`, `priority`, `players`, `max_turns`, `timestamp`) VALUES
	(1, 'map1.txt', 1, 2, 1000, current_timestamp()),
	(2, 'map2.txt', 1, 2, 1000, current_timestamp()),
	(3, 'map3.txt', 1, 2, 1000, current_timestamp()),
	(4, 'map4.txt', 1, 2, 1000, current_timestamp()),
	(5, 'map5.txt', 1, 2, 1000, current_timestamp()),
	(6, 'map6.txt', 1, 2, 1000, current_timestamp()),
	(7, 'map7.txt', 1, 2, 1000, current_timestamp()),
	(8, 'map8.txt', 1, 2, 1000, current_timestamp()),
	(9, 'map9.txt', 1, 2, 1000, current_timestamp()),
	(10, 'map10.txt', 1, 2, 1000, current_timestamp()),
	(11, 'map11.txt', 1, 2, 1000, current_timestamp()),
	(12, 'map12.txt', 1, 2, 1000, current_timestamp()),
	(13, 'map13.txt', 1, 2, 1000, current_timestamp()),
	(14, 'map14.txt', 1, 2, 1000, current_timestamp()),
	(15, 'map15.txt', 1, 2, 1000, current_timestamp()),
	(16, 'map16.txt', 1, 2, 1000, current_timestamp()),
	(17, 'map17.txt', 1, 2, 1000, current_timestamp()),
	(18, 'map18.txt', 1, 2, 1000, current_timestamp()),
	(19, 'map19.txt', 1, 2, 1000, current_timestamp()),
	(20, 'map20.txt', 1, 2, 1000, current_timestamp()),
	(21, 'map21.txt', 1, 2, 1000, current_timestamp()),
	(22, 'map22.txt', 1, 2, 1000, current_timestamp()),
	(23, 'map23.txt', 1, 2, 1000, current_timestamp()),
	(24, 'map24.txt', 1, 2, 1000, current_timestamp()),
	(25, 'map25.txt', 1, 2, 1000, current_timestamp()),
	(26, 'map26.txt', 1, 2, 1000, current_timestamp()),
	(27, 'map27.txt', 1, 2, 1000, current_timestamp()),
	(28, 'map28.txt', 1, 2, 1000, current_timestamp()),
	(29, 'map29.txt', 1, 2, 1000, current_timestamp()),
	(30, 'map30.txt', 1, 2, 1000, current_timestamp()),
	(31, 'map31.txt', 1, 2, 1000, current_timestamp()),
	(32, 'map32.txt', 1, 2, 1000, current_timestamp()),
	(33, 'map33.txt', 1, 3, 1000, current_timestamp()),
	(34, 'map34.txt', 1, 3, 1000, current_timestamp()),
	(35, 'map35.txt', 1, 3, 1000, current_timestamp()),
	(36, 'map36.txt', 1, 3, 1000, current_timestamp()),
	(37, 'map37.txt', 1, 3, 1000, current_timestamp()),
	(38, 'map38.txt', 1, 3, 1000, current_timestamp()),
	(39, 'map39.txt', 1, 3, 1000, current_timestamp()),
	(40, 'map40.txt', 1, 3, 1000, current_timestamp()),
	(41, 'map41.txt', 1, 3, 1000, current_timestamp()),
	(42, 'map42.txt', 1, 3, 1000, current_timestamp()),
	(43, 'map43.txt', 1, 3, 1000, current_timestamp()),
	(44, 'map44.txt', 1, 3, 1000, current_timestamp()),
	(45, 'map45.txt', 1, 3, 1000, current_timestamp()),
	(46, 'map46.txt', 1, 3, 1000, current_timestamp()),
	(47, 'map47.txt', 1, 3, 1000, current_timestamp()),
	(48, 'map48.txt', 1, 3, 1000, current_timestamp()),
	(49, 'map49.txt', 1, 3, 1000, current_timestamp()),
	(50, 'map50.txt', 1, 3, 1000, current_timestamp()),
	(51, 'map51.txt', 1, 3, 1000, current_timestamp()),
	(52, 'map52.txt', 1, 3, 1000, current_timestamp()),
	(53, 'map53.txt', 1, 3, 1000, current_timestamp()),
	(54, 'map54.txt', 1, 3, 1000, current_timestamp()),
	(55, 'map55.txt', 1, 3, 1000, current_timestamp()),
	(56, 'map56.txt', 1, 3, 1000, current_timestamp()),
	(57, 'map57.txt', 1, 3, 1000, current_timestamp()),
	(58, 'map58.txt', 1, 3, 1000, current_timestamp()),
	(59, 'map59.txt', 1, 3, 1000, current_timestamp()),
	(60, 'map60.txt', 1, 3, 1000, current_timestamp()),
	(61, 'map61.txt', 1, 3, 1000, current_timestamp()),
	(62, 'map62.txt', 1, 3, 1000, current_timestamp()),
	(63, 'map63.txt', 1, 3, 1000, current_timestamp()),
	(64, 'map64.txt', 1, 3, 1000, current_timestamp()),
	(65, 'map65.txt', 1, 3, 1000, current_timestamp()),
	(66, 'map66.txt', 1, 4, 1000, current_timestamp()),
	(67, 'map67.txt', 1, 4, 1000, current_timestamp()),
	(68, 'map68.txt', 1, 4, 1000, current_timestamp()),
	(69, 'map69.txt', 1, 4, 1000, current_timestamp()),
	(70, 'map70.txt', 1, 4, 1000, current_timestamp()),
	(71, 'map71.txt', 1, 4, 1000, current_timestamp()),
	(72, 'map72.txt', 1, 4, 1000, current_timestamp()),
	(73, 'map73.txt', 1, 4, 1000, current_timestamp()),
	(74, 'map74.txt', 1, 4, 1000, current_timestamp()),
	(75, 'map75.txt', 1, 4, 1000, current_timestamp()),
	(76, 'map76.txt', 1, 4, 1000, current_timestamp()),
	(77, 'map77.txt', 1, 4, 1000, current_timestamp()),
	(78, 'map78.txt', 1, 4, 1000, current_timestamp()),
	(79, 'map79.txt', 1, 4, 1000, current_timestamp()),
	(80, 'map80.txt', 1, 4, 1000, current_timestamp()),
	(81, 'map81.txt', 1, 4, 1000, current_timestamp()),
	(82, 'map82.txt', 1, 4, 1000, current_timestamp()),
	(83, 'map83.txt', 1, 4, 1000, current_timestamp()),
	(84, 'map84.txt', 1, 4, 1000, current_timestamp()),
	(85, 'map85.txt', 1, 4, 1000, current_timestamp()),
	(86, 'map86.txt', 1, 4, 1000, current_timestamp()),
	(87, 'map87.txt', 1, 4, 1000, current_timestamp()),
	(88, 'map88.txt', 1, 4, 1000, current_timestamp()),
	(89, 'map89.txt', 1, 4, 1000, current_timestamp()),
	(90, 'map90.txt', 1, 4, 1000, current_timestamp()),
	(91, 'map91.txt', 1, 4, 1000, current_timestamp()),
	(92, 'map92.txt', 1, 4, 1000, current_timestamp()),
	(93, 'map93.txt', 1, 4, 1000, current_timestamp()),
	(94, 'map94.txt', 1, 4, 1000, current_timestamp()),
	(95, 'map95.txt', 1, 4, 1000, current_timestamp()),
	(96, 'map96.txt', 1, 4, 1000, current_timestamp()),
	(97, 'map97.txt', 1, 4, 1000, current_timestamp()),
	(98, 'map98.txt', 1, 4, 1000, current_timestamp()),
	(99, 'map99.txt', 1, 4, 1000, current_timestamp());


-- Create 1 submission for each player
INSERT INTO `submission` (`submission_id`, `user_id`, `version`, `status`, `timestamp`, `language_id`) VALUES
	(1, 1, 1, 20, current_timestamp(), 0),
	(2, 2, 1, 20, current_timestamp(), 0),
	(3, 3, 1, 20, current_timestamp(), 0),
	(4, 4, 1, 20, current_timestamp(), 0),
	(5, 5, 1, 20, current_timestamp(), 0),
	(6, 6, 1, 20, current_timestamp(), 0),
	(7, 7, 1, 20, current_timestamp(), 0),
	(8, 8, 1, 20, current_timestamp(), 0),
	(9, 9, 1, 20, current_timestamp(), 0),
	(10, 10, 1, 20, current_timestamp(), 0),
	(11, 11, 1, 20, current_timestamp(), 0),
	(12, 12, 1, 20, current_timestamp(), 0),
	(13, 13, 1, 20, current_timestamp(), 0),
	(14, 14, 1, 20, current_timestamp(), 0),
	(15, 15, 1, 20, current_timestamp(), 0),
	(16, 16, 1, 20, current_timestamp(), 0),
	(17, 17, 1, 20, current_timestamp(), 0),
	(18, 18, 1, 20, current_timestamp(), 0),
	(19, 19, 1, 20, current_timestamp(), 0),
	(20, 20, 1, 20, current_timestamp(), 0),
	(21, 21, 1, 20, current_timestamp(), 0),
	(22, 22, 1, 20, current_timestamp(), 0),
	(23, 23, 1, 20, current_timestamp(), 0),
	(24, 24, 1, 20, current_timestamp(), 0),
	(25, 25, 1, 20, current_timestamp(), 0),
	(26, 26, 1, 20, current_timestamp(), 0),
	(27, 27, 1, 20, current_timestamp(), 0),
	(28, 28, 1, 20, current_timestamp(), 0)
;



